Name,gender
Liam,M
Noah,M
Oliver,M
James,M
Elijah,M
William,M
Henry,M
Lucas,M
Benjamin,M
Theodore,M
Mateo,M
Levi,M
Sebastian,M
Daniel,M
Jack,M
Michael,M
Alexander,M
Owen,M
Asher,M
Samuel,M
Ethan,M
Leo,M
Jackson,M
Mason,M
Ezra,M
John,M
Hudson,M
Luca,M
Aiden,M
Joseph,M
David,M
Jacob,M
Logan,M
Luke,M
Julian,M
Gabriel,M
Grayson,M
Wyatt,M
Matthew,M
Maverick,M
Dylan,M
Isaac,M
Elias,M
Anthony,M
Thomas,M
Jayden,M
Carter,M
Santiago,M
Ezekiel,M
Charles,M
Josiah,M
Caleb,M
Cooper,M
Lincoln,M
Miles,M
Christopher,M
Nathan,M
Isaiah,M
Kai,M
Joshua,M
Andrew,M
Angel,M
Adrian,M
Cameron,M
Nolan,M
Waylon,M
Jaxon,M
Roman,M
Eli,M
Wesley,M
Aaron,M
Ian,M
Christian,M
Ryan,M
Leonardo,M
Brooks,M
Axel,M
Walker,M
Jonathan,M
Easton,M
Everett,M
Weston,M
Bennett,M
Robert,M
Jameson,M
Landon,M
Silas,M
Jose,M
Beau,M
Micah,M
Colton,M
Jordan,M
Jeremiah,M
Parker,M
Greyson,M
Rowan,M
Adam,M
Nicholas,M
Theo,M
Xavier,M
Hunter,M
Dominic,M
Jace,M
Gael,M
River,M
Thiago,M
Kayden,M
Damian,M
August,M
Carson,M
Austin,M
Myles,M
Amir,M
Declan,M
Emmett,M
Ryder,M
Luka,M
Connor,M
Jaxson,M
Milo,M
Enzo,M
Giovanni,M
Vincent,M
Diego,M
Luis,M
Archer,M
Harrison,M
Kingston,M
Atlas,M
Jasper,M
Sawyer,M
Legend,M
Lorenzo,M
Evan,M
Jonah,M
Chase,M
Bryson,M
Adriel,M
Nathaniel,M
Arthur,M
Juan,M
George,M
Cole,M
Zion,M
Jason,M
Ashton,M
Carlos,M
Calvin,M
Brayden,M
Elliot,M
Rhett,M
Emiliano,M
Ace,M
Jayce,M
Graham,M
Max,M
Braxton,M
Leon,M
Ivan,M
Hayden,M
Jude,M
Malachi,M
Dean,M
Tyler,M
Jesus,M
Zachary,M
Kaiden,M
Elliott,M
Arlo,M
Emmanuel,M
Ayden,M
Bentley,M
Maxwell,M
Amari,M
Ryker,M
Finn,M
Antonio,M
Charlie,M
Maddox,M
Justin,M
Judah,M
Kevin,M
Dawson,M
Matteo,M
Miguel,M
Zayden,M
Camden,M
Messiah,M
Alan,M
Alex,M
Nicolas,M
Felix,M
Alejandro,M
Jesse,M
Beckett,M
Matias,M
Tucker,M
Emilio,M
Xander,M
Knox,M
Oscar,M
Beckham,M
Timothy,M
Abraham,M
Andres,M
Gavin,M
Brody,M
Barrett,M
Hayes,M
Jett,M
Brandon,M
Joel,M
Victor,M
Peter,M
Abel,M
Edward,M
Karter,M
Patrick,M
Richard,M
Grant,M
Avery,M
King,M
Caden,M
Adonis,M
Riley,M
Tristan,M
Kyrie,M
Blake,M
Eric,M
Griffin,M
Malakai,M
Rafael,M
Israel,M
Tate,M
Lukas,M
Nico,M
Marcus,M
Stetson,M
Javier,M
Colt,M
Omar,M
Simon,M
Kash,M
Remington,M
Jeremy,M
Louis,M
Mark,M
Lennox,M
Callum,M
Kairo,M
Nash,M
Kyler,M
Dallas,M
Crew,M
Preston,M
Paxton,M
Steven,M
Zane,M
Kaleb,M
Lane,M
Phoenix,M
Paul,M
Cash,M
Kenneth,M
Bryce,M
Ronan,M
Kaden,M
Maximiliano,M
Walter,M
Maximus,M
Emerson,M
Hendrix,M
Jax,M
Atticus,M
Zayn,M
Tobias,M
Cohen,M
Aziel,M
Kayson,M
Rory,M
Brady,M
Finley,M
Holden,M
Jorge,M
Malcolm,M
Clayton,M
Niko,M
Francisco,M
Josue,M
Brian,M
Bryan,M
Cade,M
Colin,M
Andre,M
Cayden,M
Aidan,M
Muhammad,M
Derek,M
Ali,M
Elian,M
Bodhi,M
Cody,M
Jensen,M
Damien,M
Martin,M
Cairo,M
Ellis,M
Khalil,M
Otto,M
Zander,M
Dante,M
Ismael,M
Angelo,M
Brantley,M
Manuel,M
Colson,M
Cruz,M
Tatum,M
Jaylen,M
Jaden,M
Erick,M
Cristian,M
Romeo,M
Milan,M
Reid,M
Cyrus,M
Leonel,M
Joaquin,M
Ari,M
Odin,M
Orion,M
Ezequiel,M
Gideon,M
Daxton,M
Warren,M
Casey,M
Anderson,M
Spencer,M
Karson,M
Eduardo,M
Chance,M
Fernando,M
Raymond,M
Bradley,M
Cesar,M
Wade,M
Prince,M
Julius,M
Dakota,M
Kade,M
Koa,M
Raiden,M
Callan,M
Hector,M
Onyx,M
Remy,M
Ricardo,M
Edwin,M
Stephen,M
Kane,M
Saint,M
Titus,M
Desmond,M
Killian,M
Sullivan,M
Mario,M
Jay,M
Kamari,M
Luciano,M
Royal,M
Zyaire,M
Marco,M
Wilder,M
Russell,M
Nasir,M
Rylan,M
Archie,M
Jared,M
Gianni,M
Kashton,M
Kobe,M
Sergio,M
Travis,M
Marshall,M
Iker,M
Briggs,M
Gunner,M
Apollo,M
Bowen,M
Baylor,M
Sage,M
Tyson,M
Kyle,M
Oakley,M
Malik,M
Mathias,M
Sean,M
Armani,M
Hugo,M
Johnny,M
Sterling,M
Forrest,M
Harvey,M
Banks,M
Grady,M
Kameron,M
Jake,M
Franklin,M
Lawson,M
Tanner,M
Eden,M
Jaziel,M
Pablo,M
Reed,M
Pedro,M
Zayne,M
Royce,M
Edgar,M
Ibrahim,M
Winston,M
Ronin,M
Leonidas,M
Devin,M
Damon,M
Noel,M
Rhys,M
Clark,M
Corbin,M
Sonny,M
Colter,M
Esteban,M
Erik,M
Baker,M
Adan,M
Dariel,M
Kylo,M
Tripp,M
Caiden,M
Frank,M
Solomon,M
Major,M
Memphis,M
Quinn,M
Dax,M
Hank,M
Donovan,M
Finnegan,M
Nehemiah,M
Andy,M
Camilo,M
Asa,M
Jeffrey,M
Santino,M
Isaias,M
Jaiden,M
Kian,M
Fabian,M
Callen,M
Ruben,M
Alexis,M
Emanuel,M
Francis,M
Garrett,M
Kendrick,M
Matthias,M
Wells,M
Augustus,M
Jasiah,M
Alijah,M
Alonzo,M
Koda,M
Collin,M
Ford,M
Frederick,M
Jaxton,M
Kohen,M
Troy,M
Kason,M
Seth,M
Denver,M
Kyson,M
Ares,M
Raphael,M
Bodie,M
Sylas,M
Uriel,M
Zaiden,M
Shiloh,M
Lewis,M
Kieran,M
Marcos,M
Bo,M
Shepherd,M
Philip,M
Zaire,M
Gregory,M
Princeton,M
Roberto,M
Leland,M
Eithan,M
Moshe,M
Johnathan,M
Lucca,M
Kenzo,M
Mack,M
Porter,M
Kolton,M
Kaison,M
Valentino,M
Saul,M
Shane,M
Jamari,M
Rocco,M
Kylan,M
Deacon,M
Dalton,M
Moses,M
Callahan,M
Tadeo,M
Makai,M
Amiri,M
Rowen,M
Drew,M
Jalen,M
Kylian,M
Sutton,M
Dominick,M
Reece,M
Rodrigo,M
Soren,M
Kasen,M
Ridge,M
Zachariah,M
Jamir,M
Peyton,M
Omari,M
Trevor,M
Morgan,M
Izaiah,M
Alessandro,M
Kaysen,M
Enrique,M
Marcelo,M
Sincere,M
Lucian,M
Leandro,M
Armando,M
Braylen,M
Jayson,M
Julio,M
Lawrence,M
Cassius,M
Raul,M
Jase,M
Mohammad,M
Zain,M
Jayceon,M
Jonas,M
Ronald,M
Ayaan,M
Rio,M
Allen,M
Bruce,M
Mohamed,M
Dorian,M
Maximilian,M
Keegan,M
Shawn,M
Yusuf,M
Pierce,M
Ariel,M
Ander,M
Conor,M
Conrad,M
Phillip,M
Arjun,M
Roy,M
Moises,M
Arturo,M
Johan,M
Gerardo,M
Atreus,M
Nikolai,M
Braylon,M
Samson,M
Hezekiah,M
Kayce,M
Scott,M
Gunnar,M
Jamison,M
Samir,M
Keanu,M
Ledger,M
Jaime,M
Finnley,M
Cannon,M
Colby,M
Nikolas,M
Emmitt,M
Kamden,M
Miller,M
Boone,M
Hamza,M
Ocean,M
Mac,M
Anakin,M
Brixton,M
Roland,M
Huxley,M
Zeke,M
Danny,M
Marvin,M
Otis,M
Albert,M
Clay,M
Emir,M
Boston,M
Bruno,M
Lionel,M
Ozzy,M
Taylor,M
Jamie,M
Augustine,M
Chaim,M
Krew,M
Rayan,M
Alden,M
Bellamy,M
Amos,M
Drake,M
Davis,M
Dustin,M
Corey,M
Ahmad,M
Conner,M
Gustavo,M
Layton,M
Abram,M
Axton,M
Chandler,M
Azariah,M
Reese,M
Benson,M
Tru,M
Case,M
Trey,M
Mauricio,M
Westin,M
Gage,M
Reign,M
Creed,M
Mylo,M
Dennis,M
Quentin,M
Madden,M
Rome,M
Julien,M
Sam,M
Zaid,M
Marcel,M
Maximo,M
Layne,M
Ahmed,M
Kannon,M
Quincy,M
Yosef,M
Aarav,M
Lennon,M
Ryland,M
Skyler,M
Chris,M
Eliam,M
Kareem,M
Kyree,M
Dario,M
Donald,M
Fletcher,M
Darius,M
Duke,M
Rayden,M
Salem,M
Vicente,M
Vincenzo,M
Cayson,M
Eliseo,M
Issac,M
Lian,M
Clyde,M
Wilson,M
Santana,M
Tomas,M
Dexter,M
Keith,M
Houston,M
Harry,M
Uriah,M
Lee,M
Rex,M
Tony,M
Carmelo,M
Alberto,M
Loyal,M
Trace,M
Alfredo,M
Riggs,M
Forest,M
Raylan,M
Salvador,M
Jakari,M
Zakai,M
Louie,M
Flynn,M
Leonard,M
Mohammed,M
Derrick,M
Musa,M
Avi,M
Ty,M
Westley,M
Ambrose,M
Brycen,M
Aron,M
Caspian,M
Gatlin,M
Harlan,M
Dillon,M
Emery,M
Nixon,M
Tommy,M
Watson,M
Zayd,M
Azrael,M
Zyair,M
Azriel,M
Legacy,M
Cillian,M
Alvin,M
Bridger,M
Alec,M
Edison,M
Kingsley,M
Remi,M
Briar,M
Jaxxon,M
Truett,M
Lachlan,M
Cal,M
Landen,M
Roger,M
Alonso,M
Kaiser,M
Blaze,M
Jerry,M
Seven,M
Kenji,M
Noe,M
Quinton,M
Grey,M
Jefferson,M
Marcellus,M
Ray,M
Kyro,M
Benicio,M
Justice,M
Neil,M
Idris,M
Bear,M
Kiaan,M
Wayne,M
Ben,M
Junior,M
Karim,M
Yehuda,M
Jimmy,M
Ramon,M
Bjorn,M
Nathanael,M
Stanley,M
Hassan,M
Magnus,M
Trenton,M
Brayan,M
Brock,M
Jagger,M
Cason,M
Dakari,M
Rey,M
Abdiel,M
Abdullah,M
Casen,M
Jiraiya,M
Lance,M
Misael,M
Alvaro,M
Robin,M
Langston,M
Nelson,M
Wes,M
Khari,M
Landyn,M
Jakai,M
Lochlan,M
Valentin,M
Keaton,M
Amias,M
Joziah,M
Thaddeus,M
Jedidiah,M
Orlando,M
Eliel,M
Hugh,M
Koen,M
Calum,M
Enoch,M
Mitchell,M
Rohan,M
Aryan,M
Dilan,M
Aden,M
Allan,M
Leighton,M
Elisha,M
Evander,M
Castiel,M
Curtis,M
Kellen,M
Dash,M
Douglas,M
Eddie,M
Melvin,M
Avyaan,M
Everest,M
Zamir,M
Ricky,M
Dutton,M
Yahir,M
Devon,M
Franco,M
Khaza,M
Dior,M
Leif,M
Sevyn,M
Guillermo,M
Ira,M
Emory,M
Felipe,M
Titan,M
Alfred,M
Azael,M
Zahir,M
Kellan,M
Darren,M
Rudy,M
Ayan,M
Leroy,M
Anders,M
Ishaan,M
Reuben,M
Boden,M
Mccoy,M
Heath,M
Kase,M
Wylder,M
Judson,M
Khai,M
Kye,M
Axl,M
Crue,M
Ernesto,M
Ahmir,M
Zyon,M
Aries,M
Mustafa,M
Santos,M
Dane,M
Damari,M
Elio,M
Jadiel,M
Jovanni,M
Salvatore,M
Mathew,M
Kolson,M
Nova,M
Brendan,M
Murphy,M
Brodie,M
Damir,M
Rocky,M
Larry,M
Fisher,M
Waylen,M
Byron,M
Ermias,M
Joey,M
Joe,M
Jon,M
Arian,M
Chosen,M
Jairo,M
Vihaan,M
Kylen,M
Ameer,M
Dion,M
Jrue,M
Kaizen,M
Yousef,M
Bryant,M
Cullen,M
Kaisen,M
Kelvin,M
Zen,M
Kartier,M
Randy,M
Shepard,M
Alaric,M
Cain,M
Jeremias,M
Alfonso,M
Brecken,M
Colten,M
Gian,M
Rhodes,M
Wesson,M
Duncan,M
Harold,M
Henrik,M
Harley,M
Alistair,M
Agustin,M
Jericho,M
Talon,M
Westyn,M
Cassian,M
Eugene,M
Ryatt,M
Shmuel,M
Braden,M
Yahya,M
Aldo,M
Dangelo,M
Ezrah,M
Korbin,M
Zavier,M
Bronson,M
Teo,M
Jones,M
Neo,M
Stefan,M
Van,M
Mekhi,M
Coleson,M
Eren,M
Ignacio,M
Kristian,M
Harlem,M
Zev,M
Canaan,M
Cedric,M
Khalid,M
Bode,M
Gary,M
Rene,M
Benedict,M
Maxton,M
Thatcher,M
Wallace,M
Davian,M
Gordon,M
Niklaus,M
Yisroel,M
Kabir,M
Osman,M
Adler,M
Darian,M
Terry,M
Cartier,M
Osiris,M
Vance,M
Demetrius,M
Kamryn,M
Lux,M
Stone,M
Jaxx,M
Kooper,M
Rodney,M
Aurelio,M
Darwin,M
Jakob,M
Zechariah,M
Brennan,M
Marlon,M
Meir,M
Yael,M
Asaiah,M
Atharv,M
Imran,M
Ivaan,M
Kanan,M
Kalel,M
London,M
